assessment_id,month,course_id,batch,score,attendance_pct,course,department,pass_flag
1,Jan,C1,Morning,72,90,Excel,Business,1
2,Jan,C2,Evening,45,70,PowerBI,Business,0
3,Jan,C3,Morning,65,85,SQL,Technology,1
4,Jan,C4,Weekend,38,60,Python,Technology,0
5,Feb,C1,Evening,80,95,Excel,Business,1
6,Feb,C2,Weekend,55,80,PowerBI,Business,1
7,Feb,C3,Morning,48,75,SQL,Technology,0
8,Feb,C4,Evening,68,88,Python,Technology,1
9,Mar,C1,Weekend,90,98,Excel,Business,1
10,Mar,C2,Morning,60,82,PowerBI,Business,1
11,Mar,C3,Evening,75,92,SQL,Technology,1
12,Mar,C4,Weekend,42,65,Python,Technology,0
